total_grads_n	total_regents_n	still_enrolled_n	dropped_out_n	local_of_grads	cohort	advanced_regents_of_cohort	local_of_cohort	borough	total_grads_of_cohort	regents_w_o_advanced_n	demographic	total_regents_of_grads	total_regents_of_cohort	local_n	regents_w_o_advanced_of_cohort	dropped_out_of_cohort	advanced_regents_n	total_cohort	advanced_regents_of_grads	still_enrolled_of_cohort	regents_w_o_advanced_of_grads
4913	2644	3512	2438	46.2	2001	8.6999999999999993	19.8	Bronx	42.9	1646	Borough Total	53.8	23.1	2271	14.4	21.3	998	11453	20.3	30.7	33.5
5328	3118	4047	2140	41.6	2002	8.1999999999999993	18.399999999999999	Bronx	44.3	2126	Borough Total	58.5	25.9	2217	17.7	17.8	992	12032	18.600000000000001	33.6	39.9
6389	3861	4258	2472	39.6	2003	9.1999999999999993	18.5	Bronx	46.9	2606	Borough Total	60.4	28.3	2528	19.100000000000001	18.100000000000001	1255	13632	19.600000000000001	31.2	40.799999999999997
7448	4625	4169	2303	37.9	2004	9.6999999999999993	19.7	Bronx	51.9	3230	Borough Total	62.1	32.200000000000003	2823	22.5	16	1395	14364	18.7	29	43.4
8229	5618	3943	2147	31.7	2005	10.199999999999999	17.2	Bronx	54.2	4074	Borough Total	68.3	37	2611	26.8	14.1	1544	15175	18.8	26	49.5
8524	6312	3824	2402	26	2006	10	14.2	Bronx	54.7	4754	Borough Total	74	40.5	2212	30.5	15.4	1558	15579	18.3	24.5	55.8
9215	6605	3160	2375	28.3	Aug 2006	10.1	16.8	Bronx	59.2	5033	Borough Total	71.7	42.4	2610	32.299999999999997	15.2	1572	15579	17.100000000000001	20.3	54.6
9758	6177	6101	3547	36.799999999999997	2001	14.2	18	Brooklyn	48.9	3348	Borough Total	63.3	30.9	3591	16.8	17.8	2829	19961	29	30.6	34.299999999999997
10337	7050	6368	3369	31.9	2002	13.8	15.8	Brooklyn	49.7	4185	Borough Total	68.2	33.9	3298	20.100000000000001	16.2	2865	20808	27.7	30.6	40.5
11064	7711	6571	3198	30.3	2003	15.2	15.7	Brooklyn	51.9	4472	Borough Total	69.7	36.1	3353	21	15	3239	21334	29.3	30.8	40.4
12303	8872	6487	2973	27.9	2004	16.7	15.3	Brooklyn	55	5131	Borough Total	72.099999999999994	39.700000000000003	3431	23	13.3	3741	22353	30.4	29	41.7
12603	9488	6320	2578	24.7	2005	16.2	13.9	Brooklyn	56.4	5870	Borough Total	75.3	42.5	3115	26.3	11.5	3618	22331	28.7	28.3	46.6
13040	10440	5636	2731	19.899999999999999	2006	16.8	11.7	Brooklyn	58.8	6723	Borough Total	80.099999999999994	47.1	2600	30.3	12.3	3717	22177	28.5	25.4	51.6
14043	10945	4648	2716	22.1	Aug 2006	17	14	Brooklyn	63.3	7182	Borough Total	77.900000000000006	49.4	3098	32.4	12.2	3763	22177	26.8	21	51.1
7480	4963	2829	1962	33.700000000000003	2001	14.6	19.899999999999999	Manhattan	59	3112	Borough Total	66.400000000000006	39.200000000000003	2519	24.6	15.5	1851	12670	24.7	22.3	41.6
7746	5497	3561	1743	29.2	2002	13.9	16.8	Manhattan	57.5	3625	Borough Total	71	40.799999999999997	2259	26.9	12.9	1872	13463	24.2	26.5	46.8
7613	5499	4240	1729	27.8	2003	18.2	15.2	Manhattan	54.9	2972	Borough Total	72.2	39.6	2114	21.4	12.5	2527	13879	33.200000000000003	30.5	39
8780	6449	4243	1842	26.5	2004	18.600000000000001	15.4	Manhattan	58	3638	Borough Total	73.5	42.6	2331	24	12.2	2811	15127	32	28	41.4
9816	7623	3874	1597	22.3	2005	16.899999999999999	13.8	Manhattan	62	4950	Borough Total	77.7	48.1	2192	31.2	10.1	2673	15843	27.2	24.5	50.4
10411	8715	3719	1684	16.3	2006	16.899999999999999	10.3	Manhattan	63.4	5934	Borough Total	83.7	53.1	1696	36.1	10.3	2781	16416	26.7	22.7	57
10947	8993	3194	1674	17.8	Aug 2006	17	11.9	Manhattan	66.7	6202	Borough Total	82.2	54.8	1954	37.799999999999997	10.199999999999999	2791	16416	25.5	19.5	56.7
9180	6452	4679	2696	29.8	2001	15.8	16.100000000000001	Queens	54	3758	Borough Total	70.3	37.9	2738	22.1	15.8	2694	17011	29.3	27.5	40.9
9869	7250	4961	2816	26.6	2002	15.5	14.4	Queens	54	4413	Borough Total	73.5	39.700000000000003	2624	24.2	15.4	2837	18262	28.7	27.2	44.7
10455	7917	4869	2718	24.3	2003	18.399999999999999	13.8	Queens	56.8	4522	Borough Total	75.7	43	2538	24.6	14.8	3395	18415	32.5	26.4	43.3
10922	8450	5001	2505	22.6	2004	19.2	13.2	Queens	58.3	4846	Borough Total	77.400000000000006	45.1	2472	25.9	13.4	3604	18725	33	26.7	44.4
11863	9290	4435	2435	21.7	2005	18.5	13.2	Queens	60.8	5672	Borough Total	78.3	47.6	2573	29.1	12.5	3618	19511	30.5	22.7	47.8
12465	10285	4272	2256	17.5	2006	18.600000000000001	11.1	Queens	63.7	6648	Borough Total	82.5	52.6	2180	34	11.5	3637	19558	29.2	21.8	53.3
13378	10752	3363	2252	19.600000000000001	Aug 2006	18.8	13.4	Queens	68.400000000000006	7071	Borough Total	80.400000000000006	55	2626	36.200000000000003	11.5	3681	19558	27.5	17.2	52.9
2565	1901	786	417	25.9	2001	22.6	17.2	Staten Island	66.2	1025	Borough Total	74.099999999999994	49.1	665	26.5	10.8	876	3872	34.200000000000003	20.3	40
2721	2040	844	426	25.1	2002	20.8	16.5	Staten Island	65.8	1179	Borough Total	75	49.3	683	28.5	10.3	861	4134	31.6	20.399999999999999	43.3
2812	2169	919	374	22.9	2003	20.9	15.2	Staten Island	66.7	1286	Borough Total	77.099999999999994	51.4	643	30.5	8.9	883	4218	31.4	21.8	45.7
2788	2220	844	381	20.399999999999999	2004	24.8	13.7	Staten Island	67.3	1191	Borough Total	79.599999999999994	53.6	568	28.8	9.1999999999999993	1029	4142	36.9	20.399999999999999	42.7
3098	2467	758	362	20.399999999999999	2005	23.7	14.1	Staten Island	69.5	1408	Borough Total	79.599999999999994	55.3	631	31.6	8.1	1059	4460	34.200000000000003	17	45.4
3346	2818	683	414	15.8	2006	25.9	11.5	Staten Island	72.7	1626	Borough Total	84.2	61.2	528	35.299999999999997	9	1192	4603	35.6	14.8	48.6
3423	2856	607	413	16.600000000000001	Aug 2006	25.9	12.3	Staten Island	74.400000000000006	1662	Borough Total	83.4	62	567	36.1	9	1194	4603	34.9	13.2	48.6
388	78	799	592	80.2	2001	0.5	15.7	Bronx	19.6	68	English Language Learners	20.1	3.9	311	3.4	29.8	10	1984	2.6	40.3	17.5
333	77	725	509	77.2	2002	0.4	15.2	Bronx	19.7	70	English Language Learners	23.1	4.5	257	4.1	30.1	7	1693	2.1	42.8	21.0
391	95	790	586	75.7	2003	0.6	15.5	Bronx	20.5	83	English Language Learners	24.3	5.0	296	4.4	30.8	12	1905	3.1	41.5	21.2
640	214	711	437	66.6	2004	1.4	22.5	Bronx	33.8	187	English Language Learners	33.4	11.3	426	9.9	23.1	27	1894	4.2	37.5	29.2
694	317	685	357	54.3	2005	2.7	19.4	Bronx	35.8	264	English Language Learners	45.7	16.3	377	13.6	18.4	53	1940	7.6	35.3	38.0
791	396	722	429	49.9	2006	1.4	18.4	Bronx	36.9	366	English Language Learners	50.1	18.5	395	17.1	20.0	30	2143	3.8	33.7	46.3
899	422	619	424	53.1	Aug 2006	1.4	22.3	Bronx	42.0	391	English Language Learners	46.9	19.7	477	18.2	19.8	31	2143	3.4	28.9	43.5
691	268	1070	658	61.4	2001	4.6	16.7	Brooklyn	27.2	152	English Language Learners	38.8	10.5	424	6.0	25.9	116	2543	16.8	42.1	22.0
428	145	765	622	67.1	2002	2.4	15.1	Brooklyn	22.5	99	English Language Learners	33.9	7.6	287	5.2	32.7	46	1902	10.7	40.2	23.1
448	217	849	542	51.6	2003	4.3	12.2	Brooklyn	23.6	135	English Language Learners	48.4	11.4	231	7.1	28.5	82	1899	18.3	44.7	30.1
730	381	799	447	47.8	2004	6.9	17.0	Brooklyn	35.5	239	English Language Learners	52.2	18.5	349	11.6	21.8	142	2055	19.5	38.9	32.7
864	474	851	409	45.1	2005	8.0	17.6	Brooklyn	38.9	297	English Language Learners	54.9	21.4	390	13.4	18.4	177	2220	20.5	38.3	34.4
905	641	764	433	29.2	2006	8.5	12.1	Brooklyn	41.5	455	English Language Learners	70.8	29.4	264	20.9	19.9	186	2181	20.6	35.0	50.3
988	674	681	433	31.8	Aug 2006	8.6	14.4	Brooklyn	45.3	486	English Language Learners	68.2	30.9	314	22.3	19.9	188	2181	19.0	31.2	49.2
691	237	592	527	65.7	2001	2.5	23.2	Manhattan	35.3	188	English Language Learners	34.3	12.1	454	9.6	26.9	49	1956	7.1	30.3	27.2
331	133	610	392	61.0	2002	1.2	14.5	Manhattan	23.7	116	English Language Learners	40.2	9.5	202	8.3	28.1	17	1397	5.1	43.7	35.0
489	195	751	453	60.1	2003	2.9	16.7	Manhattan	27.8	144	English Language Learners	39.9	11.1	294	8.2	25.7	51	1761	10.4	42.6	29.4
698	344	737	351	50.7	2004	6.7	19.1	Manhattan	37.6	220	English Language Learners	49.3	18.6	354	11.9	18.9	124	1854	17.8	39.8	31.5
815	462	637	365	43.2	2005	7.8	18.4	Manhattan	42.7	314	English Language Learners	56.7	24.2	352	16.4	19.1	148	1909	18.2	33.4	38.5
817	563	643	411	31.1	2006	8.5	12.8	Manhattan	41.3	394	English Language Learners	68.9	28.5	254	19.9	20.8	169	1977	20.7	32.5	48.2
881	576	580	410	34.6	Aug 2006	8.5	15.4	Manhattan	44.6	407	English Language Learners	65.4	29.1	305	20.6	20.7	169	1977	19.2	29.3	46.2
873	362	1023	673	58.6	2001	5.1	19.0	Queens	32.5	226	English Language Learners	41.5	13.5	512	8.4	25.0	136	2689	15.6	38.0	25.9
476	223	789	614	53.4	2002	3.0	12.9	Queens	24.2	165	English Language Learners	46.8	11.4	254	8.4	31.3	58	1963	12.2	40.2	34.7
579	314	857	621	45.8	2003	5.3	12.5	Queens	27.2	202	English Language Learners	54.2	14.8	265	9.5	29.2	112	2127	19.3	40.3	34.9
919	537	957	523	41.6	2004	7.5	15.6	Queens	37.4	354	English Language Learners	58.4	21.9	382	14.4	21.3	183	2456	19.9	39.0	38.5
1049	630	827	516	39.9	2005	8.1	16.7	Queens	41.8	428	English Language Learners	60.1	25.1	419	17.1	20.6	202	2508	19.3	33.0	40.8
1168	793	832	497	32.1	2006	7.5	14.4	Queens	45.0	598	English Language Learners	67.9	30.5	375	23.0	19.1	195	2598	16.7	32.0	51.2
1328	856	672	497	35.5	Aug 2006	8.0	18.2	Queens	51.1	649	English Language Learners	64.5	32.9	472	25.0	19.1	207	2598	15.6	25.9	48.9
42	16	78	38	61.9	2001	2.3	15.2	Staten Island	24.6	12	English Language Learners	38.1	9.4	26	7.0	22.2	4	171	9.5	45.6	28.6
41	17	64	39	58.5	2002	2.6	15.7	Staten Island	26.8	13	English Language Learners	41.5	11.1	24	8.5	25.5	4	153	9.8	41.8	31.7
74	46	73	36	37.8	2003	2.5	13.9	Staten Island	36.8	41	English Language Learners	62.2	22.9	28	20.4	17.9	5	201	6.8	36.3	55.4
36	15	70	38	58.3	2004	1.3	13.7	Staten Island	23.5	13	English Language Learners	41.7	9.8	21	8.5	24.8	2	153	5.6	45.8	36.1
59	25	59	41	57.6	2005	1.6	18.2	Staten Island	31.6	22	English Language Learners	42.4	13.4	34	11.8	21.9	3	187	5.1	31.6	37.3
74	44	40	24	40.5	2006	8.5	19.6	Staten Island	48.4	31	English Language Learners	59.5	28.8	30	20.3	15.7	13	153	17.6	26.1	41.9
79	45	35	24	43.0	Aug 2006	8.5	22.2	Staten Island	51.6	32	English Language Learners	57.0	29.4	34	20.9	15.7	13	153	16.5	22.9	40.5
4525	2566	2713	1846	43.3	2001	10.4	20.7	Bronx	47.8	1578	English Proficient Students	56.7	27.1	1960	16.7	19.5	988	9469	21.8	28.7	34.9
4995	3041	3322	1631	39.2	2002	9.5	19.0	Bronx	48.3	2056	English Proficient Students	60.9	29.4	1960	19.9	15.8	985	10339	19.7	32.1	41.2
5998	3766	3468	1886	37.2	2003	10.6	19.0	Bronx	51.1	2523	English Proficient Students	62.8	32.1	2232	21.5	16.1	1243	11727	20.7	29.6	42.1
6808	4411	3458	1866	35.2	2004	11.0	19.2	Bronx	54.6	3043	English Proficient Students	64.8	35.4	2397	24.4	15.0	1368	12470	20.1	27.7	44.7
7535	5301	3258	1790	29.6	2005	11.3	16.9	Bronx	56.9	3810	English Proficient Students	70.4	40.1	2234	28.8	13.5	1491	13235	19.8	24.6	50.6
7733	5916	3102	1973	23.5	2006	11.4	13.5	Bronx	57.6	4388	English Proficient Students	76.5	44.0	1817	32.7	14.7	1528	13436	19.8	23.1	56.7
8316	6183	2541	1951	25.6	Aug 2006	11.5	15.9	Bronx	61.9	4642	English Proficient Students	74.4	46.0	2133	34.5	14.5	1541	13436	18.5	18.9	55.8
9067	5909	5031	2889	34.9	2001	15.6	18.2	Brooklyn	52.1	3196	English Proficient Students	65.2	33.9	3167	18.3	16.6	2713	17418	29.9	28.9	35.2
9909	6905	5603	2747	30.4	2002	14.9	15.9	Brooklyn	52.4	4086	English Proficient Students	69.7	36.5	3011	21.6	14.5	2819	18906	28.4	29.6	41.2
10616	7494	5722	2656	29.4	2003	16.2	16.1	Brooklyn	54.6	4337	English Proficient Students	70.6	38.6	3122	22.3	13.7	3157	19435	29.7	29.4	40.9
11573	8491	5688	2526	26.6	2004	17.7	15.2	Brooklyn	57.0	4892	English Proficient Students	73.4	41.8	3082	24.1	12.4	3599	20298	31.1	28.0	42.3
11739	9014	5469	2169	23.2	2005	17.1	13.5	Brooklyn	58.4	5573	English Proficient Students	76.8	44.8	2725	27.7	10.8	3441	20111	29.3	27.2	47.5
12135	9799	4872	2298	19.3	2006	17.7	11.7	Brooklyn	60.7	6268	English Proficient Students	80.7	49.0	2336	31.3	11.5	3531	19996	29.1	24.4	51.7
13055	10271	3967	2283	21.3	Aug 2006	17.9	13.9	Brooklyn	65.3	6696	English Proficient Students	78.7	51.4	2784	33.5	11.4	3575	19996	27.4	19.8	51.3
6789	4726	2237	1435	30.4	2001	16.8	19.3	Manhattan	63.4	2924	English Proficient Students	69.6	44.1	2065	27.3	13.4	1802	10714	26.5	20.9	43.1
7415	5364	2951	1351	27.7	2002	15.4	17.0	Manhattan	61.5	3509	English Proficient Students	72.3	44.5	2057	29.1	11.2	1855	12066	25.0	24.5	47.3
7124	5304	3489	1276	25.5	2003	20.4	15.0	Manhattan	58.8	2828	English Proficient Students	74.5	43.8	1820	23.3	10.5	2476	12118	34.8	28.8	39.7
8082	6105	3506	1491	24.5	2004	20.2	14.9	Manhattan	60.9	3418	English Proficient Students	75.5	46.0	1977	25.8	11.2	2687	13273	33.2	26.4	42.3
9001	7161	3237	1232	20.4	2005	18.1	13.2	Manhattan	64.6	4636	English Proficient Students	79.6	51.4	1840	33.3	8.8	2525	13934	28.1	23.2	51.5
9594	8152	3076	1273	15.0	2006	18.1	10.0	Manhattan	66.4	5540	English Proficient Students	85.0	56.5	1442	38.4	8.8	2612	14439	27.2	21.3	57.7
10066	8417	2614	1264	16.4	Aug 2006	18.2	11.4	Manhattan	69.7	5795	English Proficient Students	83.6	58.3	1649	40.1	8.8	2622	14439	26.0	18.1	57.6
8307	6090	3656	2023	26.8	2001	17.9	15.5	Queens	58.0	3532	English Proficient Students	73.3	42.5	2226	24.7	14.1	2558	14322	30.8	25.5	42.5
9393	7027	4172	2202	25.2	2002	17.1	14.5	Queens	57.6	4248	English Proficient Students	74.8	43.1	2370	26.1	13.5	2779	16299	29.6	25.6	45.2
9876	7603	4012	2097	23.0	2003	20.2	14.0	Queens	60.6	4320	English Proficient Students	77.0	46.7	2273	26.5	12.9	3283	16288	33.2	24.6	43.7
10003	7913	4044	1982	20.9	2004	21.0	12.8	Queens	61.5	4492	English Proficient Students	79.1	48.6	2090	27.6	12.2	3421	16269	34.2	24.9	44.9
10814	8660	3608	1919	19.9	2005	20.1	12.7	Queens	63.6	5244	English Proficient Students	80.1	50.9	2154	30.8	11.3	3416	17003	31.6	21.2	48.5
11297	9492	3440	1759	16.0	2006	20.3	10.6	Queens	66.6	6050	English Proficient Students	84.0	56.0	1805	35.7	10.4	3442	16960	30.5	20.3	53.6
12050	9896	2691	1755	17.9	Aug 2006	20.5	12.7	Queens	71.0	6422	English Proficient Students	82.1	58.3	2154	37.9	10.3	3474	16960	28.8	15.9	53.3
2523	1885	708	379	25.3	2001	23.6	17.3	Staten Island	68.2	1013	English Proficient Students	74.7	50.9	639	27.4	10.2	872	3701	34.6	19.1	40.2
2680	2023	780	387	24.6	2002	21.5	16.6	Staten Island	67.3	1166	English Proficient Students	75.5	50.8	659	29.3	9.7	857	3981	32.0	19.6	43.5
2738	2123	846	338	22.5	2003	21.9	15.3	Staten Island	68.2	1245	English Proficient Students	77.5	52.9	615	31.0	8.4	878	4017	32.1	21.1	45.5
2752	2205	774	343	19.9	2004	25.7	13.7	Staten Island	69.0	1178	English Proficient Students	80.1	55.3	547	29.5	8.6	1027	3989	37.3	19.4	42.8
3039	2442	699	321	19.6	2005	24.7	14.0	Staten Island	71.1	1386	English Proficient Students	80.4	57.1	597	32.4	7.5	1056	4273	34.7	16.4	45.6
3272	2774	643	390	15.2	2006	26.5	11.2	Staten Island	73.5	1595	English Proficient Students	84.8	62.3	498	35.8	8.8	1179	4450	36.0	14.4	48.7
3344	2811	572	389	15.9	Aug 2006	26.5	12.0	Staten Island	75.1	1630	English Proficient Students	84.1	63.2	533	36.6	8.7	1181	4450	35.3	12.9	48.7
309	40	561	866	87.7	2001	0.3	12.0	Bronx	13.7	34	Special Education	12.9	1.8	271	1.5	38.3	6	2259	1.9	24.8	11.0
255	41	580	489	83.9	2002	0.1	13.4	Bronx	16.0	40	Special Education	16.1	2.6	214	2.5	30.7	1	1594	0.4	36.4	15.7
362	60	1022	593	83.4	2003	0.4	13.3	Bronx	15.9	52	Special Education	16.6	2.6	302	2.3	26.1	8	2273	2.2	45.0	14.4
518	127	947	553	75.5	2004	0.6	16.4	Bronx	21.7	112	Special Education	24.5	5.3	391	4.7	23.2	15	2388	2.9	39.7	21.6
585	200	1017	588	65.8	2005	0.6	14.4	Bronx	22.0	184	Special Education	34.2	7.5	385	6.9	22.1	16	2665	2.7	38.2	31.5
741	261	988	655	64.8	2006	0.6	16.6	Bronx	25.6	244	Special Education	35.2	9.0	480	8.4	22.70	17	2889	2.3	34.2	32.9
818	272	914	652	66.7	Aug 2006	0.6	18.9	Bronx	28.3	255	Special Education	33.3	9.4	546	8.8	22.60	17	2889	2.1	31.6	31.2
402	69	869	947	84.3	2001	0.4	12.5	Brooklyn	14.9	58	Special Education	17.2	2.6	339	2.1	35.0	11	2702	2.7	32.2	14.4
325	79	918	584	75.7	2002	0.6	11.3	Brooklyn	15.0	66	Special Education	24.3	3.6	246	3.0	26.9	13	2169	4.0	42.3	20.3
469	118	1417	650	74.8	2003	1.1	12.6	Brooklyn	16.8	88	Special Education	25.2	4.2	351	3.1	23.2	30	2796	6.4	50.7	18.8
603	185	1323	649	69.3	2004	1.1	13.6	Brooklyn	19.7	150	Special Education	30.7	6.0	418	4.9	21.2	35	3066	5.8	43.2	24.9
649	217	1254	649	66.6	2005	1.4	14.3	Brooklyn	21.5	176	Special Education	33.4	7.2	432	5.8	21.5	41	3021	6.3	41.5	27.1
789	310	1289	666	60.7	2006	1.4	15.0	Brooklyn	24.8	267	Special Education	39.3	9.7	479	8.4	20.90	43	3183	5.4	40.5	33.8
893	329	1188	663	63.2	Aug 2006	1.4	17.7	Brooklyn	28.1	283	Special Education	36.8	10.3	564	8.9	20.80	46	3183	5.2	37.3	31.7
292	58	407	553	80.5	2001	0.3	14.8	Manhattan	18.4	53	Special Education	19.9	3.7	235	3.3	34.9	5	1586	1.7	25.7	18.2
234	76	471	303	67.5	2002	0.9	13.6	Manhattan	20.2	66	Special Education	32.5	6.6	158	5.7	26.1	10	1159	4.3	40.6	28.2
281	90	728	333	68.0	2003	1.2	12.7	Manhattan	18.7	72	Special Education	32.0	6.0	191	4.8	22.2	18	1503	6.4	48.4	25.6
454	163	758	418	64.1	2004	1.1	15.8	Manhattan	24.6	142	Special Education	35.9	8.8	291	7.7	22.6	21	1847	4.6	41.0	31.3
514	202	754	382	60.7	2005	1.0	16.3	Manhattan	26.8	182	Special Education	39.3	10.5	312	9.5	19.9	20	1916	3.9	39.4	35.4
686	327	774	424	52.3	2006	1.2	16.5	Manhattan	31.6	301	Special Education	47.7	15.1	359	13.9	19.50	26	2170	3.8	35.7	43.9
722	335	738	424	53.6	Aug 2006	1.2	17.8	Manhattan	33.3	309	Special Education	46.4	15.4	387	14.2	19.50	26	2170	3.6	34.0	42.8
419	63	559	643	85.7	2001	0.7	18.0	Queens	21.0	49	Special Education	15.0	3.2	359	2.5	32.2	14	1999	3.3	28.0	11.7
294	75	500	385	74.5	2002	0.6	16.0	Queens	21.5	67	Special Education	25.5	5.5	219	4.9	28.2	8	1366	2.7	36.6	22.8
343	72	900	379	79.0	2003	0.4	15.2	Queens	19.2	64	Special Education	21.0	4.0	271	3.6	21.3	8	1782	2.3	50.5	18.7
495	171	908	442	65.5	2004	1.3	15.4	Queens	23.6	143	Special Education	34.5	8.1	324	6.8	21.1	28	2099	5.7	43.3	28.9
629	232	930	502	63.1	2005	0.9	16.8	Queens	26.6	211	Special Education	36.9	9.8	397	8.9	21.2	21	2366	3.3	39.3	33.5
643	259	952	489	59.7	2006	1.2	16.4	Queens	27.4	230	Special Education	40.3	11.0	384	9.8	20.90	29	2345	4.5	40.6	35.8
736	274	860	488	62.8	Aug 2006	1.3	19.7	Queens	31.4	244	Special Education	37.2	11.7	462	10.4	20.80	30	2345	4.1	36.7	33.2
184	26	184	160	85.9	2001	0.3	25.4	Staten Island	29.6	24	Special Education	14.1	4.2	158	3.9	25.7	2	622	1.1	29.6	13.0
158	28	180	91	82.9	2002	0.6	27.6	Staten Island	33.3	25	Special Education	17.7	5.9	131	5.3	19.2	3	475	1.9	37.9	15.8
174	52	308	88	70.1	2003	1.3	19.2	Staten Island	27.4	44	Special Education	29.9	8.2	122	6.9	13.8	8	636	4.6	48.4	25.3
216	73	256	118	66.2	2004	1.7	20.1	Staten Island	30.3	61	Special Education	33.8	10.3	143	8.6	16.6	12	712	5.6	36.0	28.2
283	107	256	127	62.2	2005	1.9	22.7	Staten Island	36.4	92	Special Education	37.8	13.8	176	11.8	16.3	15	777	5.3	32.9	32.5
308	113	240	141	63.3	2006	1.7	25.1	Staten Island	39.6	100	Special Education	36.7	14.5	195	12.9	18.10	13	778	4.2	30.8	32.5
321	117	227	141	63.6	Aug 2006	1.7	26.2	Staten Island	41.3	104	Special Education	36.4	15.0	204	13.4	18.10	13	778	4.0	29.2	32.4
4604	2604	2951	1572	43.4	2001	10.8	21.8	Bronx	50.1	1612	General Education	56.6	28.3	2000	17.5	17.1	992	9194	21.5	32.1	35.0
5073	3077	3467	1651	39.5	2002	9.5	19.2	Bronx	48.6	2086	General Education	60.7	29.5	2003	20.0	15.8	991	10438	19.5	33.2	41.1
6027	3801	3236	1879	36.9	2003	11.0	19.6	Bronx	53.1	2554	General Education	63.1	33.5	2226	22.5	16.5	1247	11359	20.7	28.5	42.4
6930	4498	3222	1750	35.1	2004	11.5	20.3	Bronx	57.9	3118	General Education	64.9	37.6	2432	26.0	14.6	1380	11976	19.9	26.9	45.0
7644	5418	2926	1559	29.1	2005	12.2	17.8	Bronx	61.1	3890	General Education	70.9	43.3	2226	31.1	12.5	1528	12510	20.0	23.4	50.9
7783	6051	2836	1747	22.3	2006	12.1	13.6	Bronx	61.3	4510	General Education	77.7	47.7	1732	35.5	13.80	1541	12690	19.8	22.3	57.9
8397	6333	2246	1723	24.6	Aug 2006	12.3	16.3	Bronx	66.2	4778	General Education	75.4	49.9	2064	37.7	13.60	1555	12690	18.5	17.7	56.9
9356	6108	5232	2600	34.8	2001	16.3	18.8	Brooklyn	54.2	3290	General Education	65.3	35.4	3252	19.1	15.1	2818	17259	30.1	30.3	35.2
10012	6971	5450	2785	30.5	2002	15.3	16.4	Brooklyn	53.7	4119	General Education	69.6	37.4	3052	22.1	14.9	2852	18639	28.5	29.2	41.1
10595	7593	5154	2548	28.3	2003	17.3	16.2	Brooklyn	57.2	4384	General Education	71.7	41.0	3002	23.6	13.7	3209	18538	30.3	27.8	41.4
11700	8687	5164	2324	25.8	2004	19.2	15.6	Brooklyn	60.7	4981	General Education	74.2	45.0	3013	25.8	12.0	3706	19287	31.7	26.8	42.6
11954	9271	5066	1929	22.4	2005	18.5	13.9	Brooklyn	61.9	5694	General Education	77.6	48.0	2683	29.5	10.0	3577	19310	29.9	26.2	47.6
12251	10130	4347	2065	17.3	2006	19.3	11.2	Brooklyn	64.5	6456	General Education	82.7	53.3	2121	34.0	10.90	3674	18994	30.0	22.9	52.7
13150	10616	3460	2053	19.3	Aug 2006	19.6	13.3	Brooklyn	69.2	6899	General Education	80.7	55.9	2534	36.3	10.80	3717	18994	28.3	18.2	52.5
7188	4905	2422	1409	31.8	2001	16.7	20.6	Manhattan	64.9	3059	General Education	68.2	44.3	2284	27.6	12.7	1846	11084	25.7	21.9	42.6
7512	5421	3090	1440	28.0	2002	15.1	17.1	Manhattan	61.1	3559	General Education	72.2	44.1	2101	28.9	11.7	1862	12304	24.8	25.1	47.4
7332	5409	3512	1396	26.2	2003	20.3	15.5	Manhattan	59.2	2900	General Education	73.8	43.7	1923	23.4	11.3	2509	12376	34.2	28.4	39.6
8326	6286	3485	1424	24.5	2004	21.0	15.4	Manhattan	62.7	3496	General Education	75.5	47.3	2040	26.3	10.7	2790	13280	33.5	26.2	42.0
9302	7421	3120	1215	20.2	2005	19.0	13.5	Manhattan	66.8	4768	General Education	79.8	53.3	1880	34.2	8.7	2653	13927	28.5	22.4	51.3
9725	8388	2945	1260	13.7	2006	19.3	9.4	Manhattan	68.3	5633	General Education	86.3	58.9	1337	39.5	8.80	2755	14246	28.3	20.7	57.9
10225	8658	2456	1250	15.3	Aug 2006	19.4	11.0	Manhattan	71.8	5893	General Education	84.7	60.8	1567	41.4	8.80	2765	14246	27.0	17.2	57.6
8761	6389	4120	2053	27.2	2001	17.9	15.8	Queens	58.4	3709	General Education	72.9	42.6	2379	24.7	13.7	2680	15012	30.6	27.4	42.3
9575	7175	4461	2431	25.1	2002	16.7	14.2	Queens	56.7	4346	General Education	74.9	42.5	2405	25.7	14.4	2829	16896	29.5	26.4	45.4
10112	7845	3969	2339	22.4	2003	20.4	13.6	Queens	60.8	4458	General Education	77.6	47.2	2267	26.8	14.1	3387	16633	33.5	23.9	44.1
10427	8279	4093	2063	20.6	2004	21.5	12.9	Queens	62.7	4703	General Education	79.4	49.8	2148	28.3	12.4	3576	16626	34.3	24.6	45.1
11234	9058	3505	1933	19.4	2005	21.0	12.7	Queens	65.5	5461	General Education	80.6	52.8	2176	31.9	11.3	3597	17145	32.0	20.4	48.6
11822	10026	3320	1767	15.2	2006	21.0	10.4	Queens	68.7	6418	General Education	84.8	58.2	1796	37.3	10.30	3608	17213	30.5	19.3	54.3
12642	10478	2503	1764	17.1	Aug 2006	21.2	12.6	Queens	73.4	6827	General Education	82.9	60.9	2164	39.7	10.20	3651	17213	28.9	14.5	54.0
2381	1875	602	257	21.3	2001	26.9	15.6	Staten Island	73.3	1001	General Education	78.7	57.7	507	30.8	7.9	874	3250	36.7	18.5	42.0
2563	2012	664	335	21.5	2002	23.4	15.1	Staten Island	70.0	1154	General Education	78.5	55.0	552	31.5	9.2	858	3659	33.5	18.1	45.0
2638	2117	611	286	19.7	2003	24.4	14.5	Staten Island	73.6	1242	General Education	80.3	59.1	521	34.7	8.0	875	3582	33.2	17.1	47.1
2572	2147	588	263	16.5	2004	29.7	12.4	Staten Island	75.0	1130	General Education	83.5	62.6	425	32.9	7.7	1017	3430	39.5	17.1	43.9
2815	2360	502	235	16.2	2005	28.3	12.4	Staten Island	76.4	1316	General Education	83.8	64.1	455	35.7	6.4	1044	3683	37.1	13.6	46.7
3038	2705	443	273	11.0	2006	30.8	8.7	Staten Island	79.4	1526	General Education	89.0	70.7	333	39.9	7.10	1179	3825	38.8	11.6	50.2
3102	2739	380	272	11.7	Aug 2006	30.9	9.5	Staten Island	81.1	1558	General Education	88.3	71.6	363	40.7	7.10	1181	3825	38.1	9.9	50.2
479	396	92	60	17.5	2001	49.2	13.2	Bronx	75.1	82	Asian	82.7	62.1	84	12.9	9.4	314	638	65.6	14.4	17.1
497	451	132	39	9.3	2002	51.4	6.8	Bronx	73.0	101	Asian	90.7	66.2	46	14.8	5.7	350	681	70.4	19.4	20.3
552	487	82	35	11.8	2003	56.8	9.7	Bronx	82.1	105	Asian	88.2	72.5	65	15.6	5.2	382	672	69.2	12.2	19.0
624	560	98	23	10.3	2004	56.3	8.6	Bronx	83.4	139	Asian	89.7	74.9	64	18.6	3.1	421	748	67.5	13.1	22.3
657	599	56	28	8.8	2005	61.0	7.7	Bronx	87.3	140	Asian	91.2	79.5	58	18.6	3.7	459	753	69.9	7.4	21.3
707	666	78	34	5.8	2006	59.2	4.9	Bronx	85.2	175	Asian	94.2	80.2	41	21.1	4.1	491	830	69.4	9.4	24.8
732	678	55	32	7.4	Aug 2006	59.8	6.5	Bronx	88.2	182	Asian	92.6	81.7	54	21.9	3.9	496	830	67.8	6.6	24.9
1543	1305	554	303	15.5	2001	38.5	9.9	Brooklyn	63.8	375	Asian	84.6	54.0	239	15.5	12.5	930	2418	60.3	22.9	24.3
1765	1557	556	327	11.8	2002	39.3	7.8	Brooklyn	66.0	505	Asian	88.2	58.2	209	18.9	12.2	1052	2676	59.6	20.8	28.6
1862	1665	537	274	10.6	2003	41.4	7.3	Brooklyn	69.3	551	Asian	89.4	61.9	197	20.5	10.2	1114	2688	59.8	20.0	29.6
2097	1901	527	249	9.3	2004	45.5	6.8	Brooklyn	72.6	586	Asian	90.7	65.8	196	20.3	8.6	1315	2888	62.7	18.2	27.9
2144	1957	561	214	8.7	2005	44.1	6.3	Brooklyn	72.6	654	Asian	91.3	66.2	187	22.1	7.2	1303	2954	60.8	19.0	30.5
2296	2176	432	190	5.2	2006	48.7	4.1	Brooklyn	77.9	739	Asian	94.8	73.8	120	25.1	6.4	1437	2949	62.6	14.6	32.2
2413	2265	316	189	6.1	Aug 2006	49.5	5.0	Brooklyn	81.8	805	Asian	93.9	76.8	148	27.3	6.4	1460	2949	60.5	10.7	33.4
1265	1038	210	97	17.9	2001	39.3	14.4	Manhattan	80.0	416	Asian	82.1	65.7	227	26.3	6.1	622	1581	49.2	13.3	32.9
1374	1224	239	90	11.0	2002	40.4	8.6	Manhattan	78.6	518	Asian	89.1	70.0	151	29.6	5.1	706	1748	51.4	13.7	37.7
1296	1168	279	79	9.9	2003	52.5	7.7	Manhattan	77.8	293	Asian	90.1	70.1	128	17.6	4.7	875	1666	67.5	16.7	22.6
1621	1473	332	93	9.1	2004	51.7	7.2	Manhattan	78.8	410	Asian	90.9	71.6	148	19.9	4.5	1063	2057	65.6	16.1	25.3
1697	1568	261	93	7.6	2005	51.2	6.2	Manhattan	81.9	506	Asian	92.4	75.6	129	24.4	4.5	1062	2073	62.6	12.6	29.8
1739	1658	238	115	4.7	2006	53.0	3.8	Manhattan	82.3	539	Asian	95.3	78.5	81	25.5	5.4	1119	2113	64.3	11.3	31.0
1767	1679	211	114	5.0	Aug 2006	53.1	4.2	Manhattan	83.6	558	Asian	95.0	79.5	88	26.4	5.4	1121	2113	63.4	10.0	31.6
2836	2258	885	452	20.5	2001	30.2	13.7	Queens	67.2	985	Asian	79.6	53.5	580	23.3	10.7	1273	4222	44.9	21.0	34.7
3073	2538	948	482	17.5	2002	29.2	11.6	Queens	66.6	1189	Asian	82.6	55.0	537	25.8	10.4	1349	4613	43.9	20.6	38.7
3335	2895	907	467	13.2	2003	35.8	9.3	Queens	70.3	1194	Asian	86.8	61.0	440	25.2	9.8	1701	4745	51.0	19.1	35.8
3394	2944	939	407	13.3	2004	36.5	9.4	Queens	71.1	1204	Asian	86.7	61.7	450	25.2	8.5	1740	4773	51.3	19.7	35.5
3683	3218	793	304	12.6	2005	37.5	9.5	Queens	75.1	1379	Asian	87.4	65.7	465	28.1	6.2	1839	4901	49.9	16.2	37.4
3835	3472	784	352	9.5	2006	35.6	7.2	Queens	76.2	1679	Asian	90.5	69.0	363	33.3	7.0	1793	5035	46.8	15.6	43.8
4059	3615	560	352	10.9	Aug 2006	36.3	8.8	Queens	80.6	1789	Asian	89.1	71.8	444	35.5	7.0	1826	5035	45.0	11.1	44.1
268	225	46	16	16.0	2001	41.4	12.9	Staten Island	80.5	87	Asian	84.0	67.6	43	26.1	4.8	138	333	51.5	13.8	32.5
265	222	35	15	16.6	2002	44.2	13.8	Staten Island	83.1	81	Asian	83.8	69.6	44	25.4	4.7	141	319	53.2	11.0	30.6
302	261	39	18	13.6	2003	42.0	11.3	Staten Island	83.4	109	Asian	86.4	72.1	41	30.1	5.0	152	362	50.3	10.8	36.1
319	291	37	6	8.8	2004	48.4	7.6	Staten Island	86.7	113	Asian	91.2	79.1	28	30.7	1.6	178	368	55.8	10.1	35.4
326	296	40	6	9.2	2005	49.3	7.9	Staten Island	86.0	109	Asian	90.8	78.1	30	28.8	1.6	187	379	57.4	10.6	33.4
392	365	22	17	6.9	2006	55.4	6.2	Staten Island	89.3	122	Asian	93.1	83.1	27	27.8	3.9	243	439	62.0	5.0	31.1
393	366	21	17	6.9	Aug 2006	55.4	6.2	Staten Island	89.5	123	Asian	93.1	83.4	27	28.0	3.9	243	439	61.8	4.8	31.3
1662	800	1213	770	51.9	2001	4.1	22.4	Bronx	43.1	642	Black	48.1	20.8	862	16.7	20.0	158	3852	9.5	31.5	38.6
1717	945	1415	639	45.1	2002	3.6	19.5	Bronx	43.3	802	Black	55.0	23.8	774	20.2	16.1	143	3965	8.3	35.7	46.7
2186	1250	1461	737	42.8	2003	5.0	20.5	Bronx	47.8	1022	Black	57.2	27.3	936	22.4	16.1	228	4572	10.4	32.0	46.8
2497	1497	1462	697	40.0	2004	5.5	20.7	Bronx	51.7	1230	Black	60.0	31.0	1000	25.4	14.4	267	4834	10.7	30.2	49.3
2724	1771	1349	678	35.0	2005	5.2	18.9	Bronx	54.0	1510	Black	65.0	35.1	953	29.9	13.4	261	5048	9.6	26.7	55.4
2850	2089	1258	771	26.7	2006	5.2	14.7	Bronx	55.2	1820	Black	73.3	40.5	761	35.3	14.9	269	5161	9.4	24.4	63.9
3071	2188	1044	764	28.8	Aug 2006	5.3	17.1	Bronx	59.5	1916	Black	71.2	42.4	883	37.1	14.8	272	5161	8.9	20.2	62.4
4232	2137	3284	1543	49.6	2001	5.8	22.4	Brooklyn	45.1	1591	Black	50.5	22.8	2099	17.0	16.4	546	9382	12.9	35.0	37.6
4435	2591	3438	1428	41.8	2002	6.0	18.9	Brooklyn	45.3	2005	Black	58.4	26.5	1852	20.5	14.6	586	9789	13.2	35.1	45.2
4958	2942	3668	1410	40.7	2003	7.1	19.5	Brooklyn	47.9	2212	Black	59.3	28.4	2016	21.4	13.6	730	10350	14.7	35.4	44.6
5733	3641	3631	1320	36.5	2004	8.4	18.9	Brooklyn	51.8	2714	Black	63.5	32.9	2092	24.5	11.9	927	11070	16.2	32.8	47.3
5886	4033	3484	1214	31.5	2005	7.8	16.7	Brooklyn	53.0	3165	Black	68.5	36.3	1853	28.5	10.9	868	11098	14.7	31.4	53.8
6024	4424	3069	1320	26.6	2006	8.0	14.7	Brooklyn	55.3	3554	Black	73.4	40.6	1600	32.6	12.1	870	10886	14.4	28.2	59.0
6587	4672	2514	1312	29.1	Aug 2006	8.0	17.6	Brooklyn	60.5	3796	Black	70.9	42.9	1915	34.9	12.1	876	10886	13.3	23.1	57.6
1935	1101	966	626	43.1	2001	7.2	22.7	Manhattan	52.6	835	Black	56.9	29.9	834	22.7	17.0	266	3677	13.7	26.3	43.2
2060	1276	1261	591	38.3	2002	5.5	19.5	Manhattan	50.9	1053	Black	61.9	31.5	789	26.0	14.6	223	4045	10.8	31.2	51.1
1917	1233	1436	513	35.7	2003	9.2	17.1	Manhattan	48.0	866	Black	64.3	30.9	684	21.7	12.8	367	3994	19.1	36.0	45.2
2074	1360	1401	545	34.4	2004	8.0	17.3	Manhattan	50.2	1031	Black	65.6	32.9	714	25.0	13.2	329	4128	15.9	33.9	49.7
2423	1769	1322	493	27.0	2005	7.1	14.7	Manhattan	54.5	1454	Black	73.0	39.8	654	32.7	11.1	315	4448	13.0	29.7	60.0
2632	2088	1280	502	20.7	2006	7.3	11.7	Manhattan	56.5	1746	Black	79.3	44.9	544	37.5	10.8	342	4655	13.0	27.5	66.3
2819	2187	1095	500	22.4	Aug 2006	7.4	13.6	Manhattan	60.6	1843	Black	77.6	47.0	632	39.6	10.7	344	4655	12.2	23.5	65.4
2146	1273	1485	810	40.6	2001	6.5	19.0	Queens	46.7	974	Black	59.3	27.7	872	21.2	17.6	299	4600	13.9	32.3	45.4
2284	1368	1512	788	40.1	2002	6.1	19.1	Queens	47.6	1073	Black	59.9	28.5	917	22.4	16.4	295	4800	12.9	31.5	47.0
2561	1652	1558	787	35.5	2003	7.9	18.0	Queens	50.7	1254	Black	64.5	32.7	909	24.8	15.6	398	5053	15.5	30.8	49.0
2578	1708	1546	701	33.7	2004	8.1	17.6	Queens	52.1	1309	Black	66.3	34.5	870	26.4	14.2	399	4949	15.5	31.2	50.8
2882	2080	1372	708	27.8	2005	8.1	15.3	Queens	55.0	1655	Black	72.2	39.7	802	31.6	13.5	425	5241	14.7	26.2	57.4
2939	2202	1308	689	25.1	2006	7.9	14.3	Queens	57.2	1797	Black	74.9	42.8	737	35.0	13.4	405	5139	13.8	25.5	61.1
3198	2305	1053	685	27.9	Aug 2006	7.9	17.4	Queens	62.2	1898	Black	72.1	44.9	893	36.9	13.3	407	5139	12.7	20.5	59.3
282	161	207	100	43.3	2001	6.3	19.6	Staten Island	45.4	122	Black	57.1	25.9	122	19.6	16.1	39	621	13.8	33.3	43.3
334	203	225	90	39.5	2002	5.7	19.2	Staten Island	48.7	164	Black	60.8	29.6	132	23.9	13.1	39	686	11.7	32.8	49.1
396	260	239	72	34.3	2003	8.0	18.4	Staten Island	53.6	201	Black	65.7	35.2	136	27.2	9.7	59	739	14.9	32.3	50.8
349	247	231	90	29.2	2004	11.2	14.7	Staten Island	50.3	169	Black	70.8	35.6	102	24.4	13.0	78	694	22.3	33.3	48.4
429	289	196	87	32.6	2005	8.0	18.0	Staten Island	55.1	227	Black	67.4	37.1	140	29.2	11.2	62	778	14.5	25.2	52.9
427	333	195	104	22.0	2006	11.0	12.2	Staten Island	55.4	248	Black	78.0	43.2	94	32.2	13.5	85	771	19.9	25.3	58.1
449	343	173	104	23.6	Aug 2006	11.0	13.7	Staten Island	58.2	258	Black	76.4	44.5	106	33.5	13.5	85	771	18.9	22.4	57.5
2261	1064	2035	1506	53.0	2001	3.9	19.5	Bronx	36.8	822	Hispanic	47.1	17.3	1198	13.4	24.5	242	6150	10.7	33.1	36.4
2606	1325	2351	1378	49.3	2002	3.4	19.4	Bronx	39.3	1097	Hispanic	50.8	20.0	1286	16.6	20.8	228	6623	8.7	35.5	42.1
3131	1708	2548	1598	45.4	2003	5.0	18.8	Bronx	41.3	1328	Hispanic	54.6	22.5	1423	17.5	21.1	380	7583	12.1	33.6	42.4
3810	2146	2463	1490	43.7	2004	5.4	20.8	Bronx	47.6	1714	Hispanic	56.3	26.8	1664	21.4	18.6	432	8009	11.3	30.8	45.0
4356	2842	2392	1351	34.8	2005	6.6	17.6	Bronx	50.6	2272	Hispanic	65.2	33.0	1514	26.4	15.7	570	8616	13.1	27.8	52.2
4469	3121	2360	1507	30.2	2006	6.0	15.2	Bronx	50.5	2587	Hispanic	69.8	35.3	1348	29.2	17.0	534	8850	11.9	26.7	57.9
4896	3294	1950	1490	32.7	Aug 2006	6.1	18.1	Bronx	55.3	2754	Hispanic	67.3	37.2	1602	31.1	16.8	540	8850	11.0	22.0	56.3
1619	815	1563	1045	49.8	2001	6.3	18.3	Brooklyn	36.9	537	Hispanic	50.3	18.6	806	12.2	23.8	278	4393	17.2	35.6	33.2
1803	937	1649	1052	48.1	2002	5.1	18.6	Brooklyn	38.7	701	Hispanic	52.0	20.1	867	15.0	22.6	236	4662	13.1	35.4	38.9
2055	1216	1700	993	40.8	2003	8.7	17.2	Brooklyn	42.1	794	Hispanic	59.2	24.9	839	16.3	20.4	422	4876	20.5	34.9	38.6
2332	1485	1716	973	36.3	2004	9.3	16.4	Brooklyn	45.1	1005	Hispanic	63.7	28.7	847	19.4	18.8	480	5170	20.6	33.2	43.1
2529	1706	1690	821	32.5	2005	9.5	15.7	Brooklyn	48.2	1207	Hispanic	67.5	32.5	823	23.0	15.7	499	5244	19.7	32.2	47.7
2634	1976	1582	903	25.0	2006	8.7	12.4	Brooklyn	49.4	1515	Hispanic	75.0	37.1	658	28.4	17.0	461	5327	17.5	29.7	57.5
2845	2070	1375	899	27.2	Aug 2006	8.7	14.5	Brooklyn	53.4	1605	Hispanic	72.8	38.9	775	30.1	16.9	465	5327	16.3	25.8	56.4
2924	1678	1471	1127	42.6	2001	6.8	21.7	Manhattan	50.9	1289	Hispanic	57.4	29.2	1247	22.5	19.6	389	5739	13.3	25.6	44.1
2974	1823	1857	965	38.8	2002	6.3	19.3	Manhattan	49.7	1444	Hispanic	61.3	30.5	1155	24.1	16.1	379	5985	12.7	31.0	48.6
3126	1968	2285	1053	37.0	2003	9.1	17.5	Manhattan	47.3	1363	Hispanic	63.0	29.8	1158	20.6	15.9	605	6613	19.4	34.6	43.6
3747	2382	2251	1147	36.4	2004	10.4	18.8	Manhattan	51.5	1627	Hispanic	63.6	32.7	1365	22.4	15.8	755	7276	20.1	30.9	43.4
4231	2954	2083	942	30.2	2005	8.6	16.9	Manhattan	56.0	2304	Hispanic	69.8	39.1	1276	30.5	12.5	650	7555	15.4	27.6	54.5
4478	3514	1976	1009	21.5	2006	9.0	12.4	Manhattan	57.7	2815	Hispanic	78.5	45.2	964	36.2	13.0	699	7766	15.6	25.4	62.9
4768	3652	1693	1003	23.4	Aug 2006	9.1	14.4	Manhattan	61.4	2948	Hispanic	76.6	47.0	1116	38.0	12.9	704	7766	14.8	21.8	61.8
2371	1513	1755	1051	36.3	2001	7.5	16.1	Queens	44.4	1111	Hispanic	63.8	28.4	861	20.8	19.7	402	5335	17.0	32.9	46.9
2656	1822	1941	1154	31.4	2002	8.0	14.0	Queens	44.6	1346	Hispanic	68.6	30.6	835	22.6	19.4	476	5952	17.9	32.6	50.7
2709	1855	1926	1106	31.5	2003	9.8	14.5	Queens	46.1	1282	Hispanic	68.5	31.6	854	21.8	18.8	573	5870	21.2	32.8	47.3
3199	2340	2010	1113	26.9	2004	11.8	13.4	Queens	49.8	1582	Hispanic	73.1	36.4	859	24.6	17.3	758	6424	23.7	31.3	49.5
3540	2554	1875	1132	27.9	2005	10.2	14.4	Queens	51.7	1853	Hispanic	72.1	37.3	986	27.1	16.5	701	6842	19.8	27.4	52.3
3879	3068	1769	989	20.9	2006	11.1	11.8	Queens	56.5	2303	Hispanic	79.1	44.7	811	33.5	14.4	765	6867	19.7	25.8	59.4
4216	3240	1432	989	23.1	Aug 2006	11.2	14.2	Queens	61.4	2471	Hispanic	76.9	47.2	976	36.0	14.4	769	6867	18.2	20.9	58.6
312	204	178	94	34.6	2001	8.1	17.9	Staten Island	51.7	155	Hispanic	65.4	33.8	108	25.7	15.6	49	604	15.7	29.5	49.7
349	228	217	133	34.7	2002	7.0	16.6	Staten Island	47.7	177	Hispanic	65.3	31.2	121	24.2	18.2	51	731	14.6	29.7	50.7
381	276	251	109	27.6	2003	11.1	13.8	Staten Island	50.1	192	Hispanic	72.4	36.3	105	25.3	14.3	84	760	22.0	33.0	50.4
429	312	258	118	27.3	2004	10.3	14.1	Staten Island	51.7	227	Hispanic	72.7	37.6	117	27.4	14.2	85	829	19.8	31.1	52.9
479	358	238	127	25.3	2005	10.3	13.2	Staten Island	52.3	264	Hispanic	74.7	39.1	121	28.9	13.9	94	915	19.6	26.0	55.1
547	425	194	116	22.3	2006	12.6	13.5	Staten Island	60.4	311	Hispanic	77.7	46.9	122	34.3	12.8	114	906	20.8	21.4	56.9
564	433	177	116	23.2	Aug 2006	12.6	14.5	Staten Island	62.3	319	Hispanic	76.8	47.8	131	35.2	12.8	114	906	20.2	19.5	56.6
485	368	153	95	24.1	2001	37.0	15.5	Bronx	64.2	88	White	75.9	48.7	117	11.6	12.6	280	756	57.7	20.2	18.1
473	379	130	73	19.9	2002	38.4	13.5	Bronx	68.0	112	White	80.1	54.5	94	16.1	10.5	267	696	56.4	18.7	23.7
423	351	123	87	17.0	2003	36.7	11.1	Bronx	65.2	113	White	83.0	54.1	72	17.4	13.4	238	649	56.3	19.0	26.7
467	388	119	83	16.9	2004	39.5	11.6	Bronx	68.6	119	White	83.1	57.0	79	17.5	12.2	269	681	57.6	17.5	25.5
432	365	114	72	15.5	2005	37.9	10.4	Bronx	67.1	121	White	84.5	56.7	67	18.8	11.2	244	644	56.5	17.7	28.0
444	396	99	77	10.8	2006	39.9	7.5	Bronx	69.8	142	White	89.2	62.3	48	22.3	12.1	254	636	57.2	15.6	32.0
459	403	84	77	12.2	Aug 2006	39.9	8.8	Bronx	72.2	149	White	87.8	63.4	56	23.4	12.1	254	636	55.3	13.2	32.5
2345	1910	676	646	18.7	2001	28.9	11.8	Brooklyn	63.1	836	White	81.4	51.4	438	22.5	17.4	1074	3714	45.8	18.2	35.7
2315	1952	701	547	15.7	2002	27.3	10.1	Brooklyn	64.0	965	White	84.3	53.9	364	26.7	15.1	987	3619	42.6	19.4	41.7
2027	1760	615	510	13.2	2003	28.4	8.4	Brooklyn	63.4	852	White	86.8	55.1	267	26.7	16.0	908	3195	44.8	19.2	42.0
2070	1794	568	416	13.3	2004	32.5	8.9	Brooklyn	67.0	790	White	86.7	58.1	276	25.6	13.5	1004	3090	48.5	18.4	38.2
1978	1747	524	310	11.7	2005	32.4	8.0	Brooklyn	68.7	813	White	88.3	60.7	231	28.2	10.8	934	2879	47.2	18.2	41.1
1997	1798	501	301	10.0	2006	32.6	7.0	Brooklyn	70.1	868	White	90.0	63.1	199	30.5	10.6	930	2850	46.6	17.6	43.5
2102	1868	398	299	11.1	Aug 2006	33.1	8.2	Brooklyn	73.8	925	White	88.9	65.5	234	32.5	10.5	943	2850	44.9	14.0	44.0
1337	1132	167	107	15.4	2001	34.9	12.6	Manhattan	81.9	562	White	84.7	69.3	206	34.4	6.6	570	1633	42.6	10.2	42.0
1319	1162	189	87	11.9	2002	34.2	9.6	Manhattan	80.4	601	White	88.1	70.9	157	36.6	5.3	561	1640	42.5	11.5	45.6
1202	1075	207	77	10.6	2003	44.5	8.5	Manhattan	80.5	410	White	89.4	72.0	127	27.5	5.2	665	1493	55.3	13.9	34.1
1277	1186	238	53	7.1	2004	40.9	5.8	Manhattan	80.8	539	White	92.9	75.1	91	34.1	3.4	647	1580	50.7	15.1	42.2
1384	1268	183	59	8.4	2005	38.6	7.0	Manhattan	84.0	633	White	91.6	77.0	116	38.4	3.6	635	1647	45.9	11.1	45.7
1468	1380	197	48	6.0	2006	34.6	5.0	Manhattan	84.2	777	White	94.0	79.2	88	44.6	2.8	603	1743	41.1	11.3	52.9
1496	1398	170	47	6.6	Aug 2006	34.7	5.6	Manhattan	85.8	794	White	93.4	80.2	98	45.6	2.7	604	1743	40.4	9.8	53.1
1801	1394	544	372	22.9	2001	25.4	14.7	Queens	64.2	681	White	77.4	49.7	413	24.3	13.3	713	2807	39.6	19.4	37.8
1833	1509	539	383	17.7	2002	25.1	11.4	Queens	64.6	797	White	82.3	53.2	325	28.1	13.5	712	2839	38.8	19.0	43.5
1747	1441	436	341	17.5	2003	27.2	11.9	Queens	67.7	738	White	82.5	55.9	306	28.6	13.2	703	2580	40.2	16.9	42.2
1651	1387	457	252	16.0	2004	28.8	11.0	Queens	68.9	697	White	84.0	57.9	264	29.1	10.5	690	2397	41.8	19.1	42.2
1667	1369	369	248	17.9	2005	26.9	12.6	Queens	70.6	734	White	82.1	58.0	298	31.1	10.5	635	2361	38.1	15.6	44.0
1736	1484	382	206	14.5	2006	27.4	10.6	Queens	72.7	830	White	85.5	62.2	252	34.8	8.6	654	2387	37.7	16.0	47.8
1826	1530	292	206	16.2	Aug 2006	27.6	12.4	Queens	76.5	871	White	83.8	64.1	296	36.5	8.6	659	2387	36.1	12.2	47.7
1700	1309	351	205	23.0	2001	28.2	17.0	Staten Island	73.8	659	White	77.0	56.8	391	28.6	8.9	650	2304	38.2	15.2	38.8
1768	1384	364	187	21.7	2002	26.3	16.1	Staten Island	74.0	756	White	78.3	57.9	384	31.6	7.8	628	2389	35.5	15.2	42.8
1726	1366	381	171	20.9	2003	25.1	15.4	Staten Island	73.9	780	White	79.1	58.5	360	33.4	7.3	586	2336	34.0	16.3	45.2
1686	1366	315	167	19.0	2004	30.6	14.3	Staten Island	75.2	679	White	81.0	60.9	320	30.3	7.4	687	2243	40.7	14.0	40.3
1855	1521	277	139	18.0	2005	30.2	14.1	Staten Island	78.3	806	White	82.0	64.2	334	34.0	5.9	715	2368	38.5	11.7	43.5
1961	1678	268	174	14.4	2006	30.3	11.5	Staten Island	79.7	932	White	85.6	68.2	283	37.9	7.1	746	2461	38.0	10.9	47.5
1998	1697	232	173	15.1	Aug 2006	30.4	12.2	Staten Island	81.2	949	White	84.9	69.0	301	38.6	7.0	748	2461	37.4	9.4	47.5
2711	1409	1547	1052	48.1	2001	9.4	23.6	Bronx	49.0	890	Female	52.0	25.5	1305	16.1	19.0	519	5532	19.1	28.0	32.8
2921	1652	1832	880	43.6	2002	8.1	21.8	Bronx	50.1	1178	Female	56.6	28.3	1273	20.2	15.1	474	5835	16.2	31.4	40.3
3498	2081	1969	1015	40.5	2003	9.7	21.2	Bronx	52.3	1432	Female	59.5	31.1	1417	21.4	15.2	649	6688	18.6	29.4	40.9
4091	2552	1853	980	37.6	2004	10.3	21.7	Bronx	57.7	1821	Female	62.4	36.0	1539	25.7	13.8	731	7085	17.9	26.2	44.5
4432	3010	1652	879	32.1	2005	11.1	19.5	Bronx	60.8	2201	Female	67.9	41.3	1422	30.2	12.1	809	7288	18.3	22.7	49.7
4455	3319	1683	1070	25.5	2006	10.3	15.1	Bronx	59.4	2546	Female	74.5	44.2	1136	33.9	14.3	773	7505	17.4	22.4	57.1
4792	3475	1364	1052	27.5	Aug 2006	10.4	17.5	Bronx	63.9	2694	Female	72.5	46.3	1317	35.9	14.0	781	7505	16.3	18.2	56.2
5538	3455	2656	1446	37.7	2001	15.9	21.2	Brooklyn	56.2	1887	Female	62.4	35.1	2086	19.2	14.7	1568	9849	28.3	27.0	34.1
5723	3861	2827	1388	32.6	2002	15.0	18.2	Brooklyn	55.8	2327	Female	67.5	37.7	1867	22.7	13.5	1534	10253	26.8	27.6	40.7
6147	4302	2808	1317	30.0	2003	17.4	17.6	Brooklyn	58.6	2475	Female	70.0	41.0	1845	23.6	12.6	1827	10481	29.7	26.8	40.3
6810	4905	2731	1177	28.0	2004	18.7	17.4	Brooklyn	62.4	2861	Female	72.0	44.9	1905	26.2	10.8	2044	10918	30.0	25.0	42.0
6867	5149	2679	1032	25.0	2005	17.7	15.7	Brooklyn	62.8	3210	Female	75.0	47.1	1718	29.3	9.4	1939	10942	28.2	24.5	46.7
7034	5618	2319	1163	20.1	2006	19.0	13.1	Brooklyn	65.2	3570	Female	79.9	52.1	1416	33.1	10.8	2048	10790	29.1	21.5	50.8
7484	5825	1877	1155	22.2	Aug 2006	19.1	15.4	Brooklyn	69.4	3761	Female	77.8	54.0	1659	34.9	10.7	2064	10790	27.6	17.4	50.3
4434	2995	1286	831	32.5	2001	15.5	21.4	Manhattan	66.0	1955	Female	67.5	44.6	1440	29.1	12.4	1040	6720	23.5	19.1	44.1
4652	3265	1645	806	30.0	2002	13.6	19.2	Manhattan	63.9	2275	Female	70.2	44.9	1394	31.3	11.1	990	7277	21.3	22.6	48.9
4619	3318	1958	761	28.2	2003	20.2	17.4	Manhattan	61.9	1811	Female	71.8	44.4	1301	24.3	10.2	1507	7465	32.6	26.2	39.2
5178	3743	2001	803	27.7	2004	19.8	17.8	Manhattan	64.2	2142	Female	72.3	46.4	1435	26.5	10.0	1601	8070	30.9	24.8	41.4
5784	4525	1819	722	21.8	2005	18.0	14.7	Manhattan	67.5	2979	Female	78.2	52.8	1259	34.8	8.4	1546	8566	26.7	21.2	51.5
6214	5205	1708	753	16.2	2006	17.9	11.3	Manhattan	69.8	3612	Female	83.8	58.4	1009	40.6	8.5	1593	8907	25.6	19.2	58.1
6479	5328	1449	747	17.8	Aug 2006	17.9	12.9	Manhattan	72.7	3732	Female	82.2	59.8	1151	41.9	8.4	1596	8907	24.6	16.3	57.6
5089	3600	1991	1064	29.4	2001	18.8	18.0	Queens	61.1	2034	Female	70.7	43.2	1496	24.4	12.8	1566	8327	30.8	23.9	40.0
5511	4032	2091	1124	26.9	2002	18.9	16.5	Queens	61.4	2337	Female	73.2	44.9	1484	26.0	12.5	1695	8976	30.8	23.3	42.4
5779	4350	2007	1051	24.7	2003	20.9	15.9	Queens	64.3	2473	Female	75.3	48.4	1429	27.5	11.7	1877	8992	32.5	22.3	42.8
5883	4565	2053	989	22.4	2004	21.7	14.6	Queens	65.2	2606	Female	77.6	50.6	1318	28.9	11.0	1959	9027	33.3	22.7	44.3
6338	4937	1682	949	22.1	2005	21.6	15.1	Queens	68.5	2937	Female	77.9	53.4	1401	31.7	10.3	2000	9252	31.6	18.2	46.3
6578	5411	1718	878	17.7	2006	22.1	12.5	Queens	70.3	3346	Female	82.3	57.8	1167	35.8	9.4	2065	9356	31.4	18.4	50.9
6956	5588	1343	875	19.7	Aug 2006	22.3	14.6	Queens	74.3	3504	Female	80.3	59.7	1368	37.5	9.4	2084	9356	30.0	14.4	50.4
1307	964	304	149	26.3	2001	25.1	19.1	Staten Island	72.4	511	Female	73.8	53.4	344	28.3	8.3	453	1805	34.7	16.8	39.1
1426	1092	341	186	23.5	2002	22.8	16.6	Staten Island	70.5	631	Female	76.6	54.0	335	31.2	9.2	461	2023	32.3	16.9	44.2
1515	1164	389	162	23.2	2003	22.6	16.6	Staten Island	71.6	685	Female	76.8	55.0	351	32.4	7.7	479	2115	31.6	18.4	45.2
1478	1185	363	156	19.8	2004	27.7	14.3	Staten Island	72.1	617	Female	80.2	57.8	293	30.1	7.6	568	2050	38.4	17.7	41.7
1633	1303	311	158	20.2	2005	25.7	14.9	Staten Island	73.7	734	Female	79.8	58.8	330	33.1	7.1	569	2216	34.8	14.0	44.9
1665	1389	289	179	16.6	2006	28.3	12.6	Staten Island	76.0	770	Female	83.4	63.4	276	35.2	8.2	619	2190	37.2	13.2	46.2
1698	1398	257	178	17.7	Aug 2006	28.4	13.7	Staten Island	77.5	777	Female	82.3	63.8	300	35.5	8.1	621	2190	36.6	11.7	45.8
2202	1235	1965	1386	43.9	2001	8.1	16.3	Bronx	37.2	756	Male	56.1	20.9	966	12.8	23.4	479	5921	21.8	33.2	34.3
2407	1466	2215	1260	39.2	2002	8.4	15.2	Bronx	38.8	948	Male	60.9	23.7	944	15.3	20.3	518	6197	21.5	35.7	39.4
2891	1780	2289	1457	38.4	2003	8.7	16.0	Bronx	41.6	1174	Male	61.6	25.6	1111	16.9	21.0	606	6944	21.0	33.0	40.6
3357	2073	2316	1323	38.2	2004	9.1	17.6	Bronx	46.1	1409	Male	61.8	28.5	1284	19.4	18.2	664	7279	19.8	31.8	42.0
3797	2608	2291	1268	31.3	2005	9.3	15.1	Bronx	48.1	1873	Male	68.7	33.1	1189	23.7	16.1	735	7887	19.4	29.0	49.3
4069	2993	2141	1332	26.4	2006	9.7	13.3	Bronx	50.4	2208	Male	73.6	37.1	1076	27.3	16.5	785	8074	19.3	26.5	54.3
4423	3130	1796	1323	29.2	Aug 2006	9.8	16.0	Bronx	54.8	2339	Male	70.8	38.8	1293	29.0	16.4	791	8074	17.9	22.2	52.9
4220	2722	3445	2101	35.7	2001	12.5	14.9	Brooklyn	41.7	1461	Male	64.5	26.9	1505	14.4	20.8	1261	10112	29.9	34.1	34.6
4614	3189	3541	1981	31.0	2002	12.6	13.6	Brooklyn	43.7	1858	Male	69.1	30.2	1431	17.6	18.8	1331	10555	28.8	33.5	40.3
4917	3409	3763	1881	30.7	2003	13.0	13.9	Brooklyn	45.3	1997	Male	69.3	31.4	1508	18.4	17.3	1412	10853	28.7	34.7	40.6
5493	3967	3756	1796	27.8	2004	14.8	13.3	Brooklyn	48.0	2270	Male	72.2	34.7	1526	19.9	15.7	1697	11435	30.9	32.8	41.3
5736	4339	3641	1546	24.4	2005	14.7	12.3	Brooklyn	50.4	2660	Male	75.6	38.1	1397	23.4	13.6	1679	11389	29.3	32.0	46.4
6006	4822	3317	1568	19.7	2006	14.7	10.4	Brooklyn	52.7	3153	Male	80.3	42.3	1184	27.7	13.8	1669	11387	27.8	29.1	52.5
6559	5120	2771	1561	21.9	Aug 2006	14.9	12.6	Brooklyn	57.6	3421	Male	78.1	45.0	1439	30.0	13.7	1699	11387	25.9	24.3	52.2
3046	1968	1543	1131	35.4	2001	13.6	18.1	Manhattan	51.2	1157	Male	64.6	33.1	1079	19.4	19.0	811	5950	26.6	25.9	38.0
3094	2232	1916	937	28.0	2002	14.3	14.0	Manhattan	50.0	1350	Male	72.1	36.1	865	21.8	15.1	882	6186	28.5	31.0	43.6
2994	2181	2282	968	27.2	2003	15.9	12.7	Manhattan	46.7	1161	Male	72.8	34.0	813	18.1	15.1	1020	6414	34.1	35.6	38.8
3602	2706	2242	1039	24.9	2004	17.1	12.7	Manhattan	51.0	1496	Male	75.1	38.3	896	21.2	14.7	1210	7057	33.6	31.8	41.5
4032	3098	2055	875	23.1	2005	15.5	12.8	Manhattan	55.4	1971	Male	76.8	42.6	933	27.1	12.0	1127	7277	28.0	28.2	48.9
4197	3510	2011	931	16.4	2006	15.8	9.1	Manhattan	55.9	2322	Male	83.6	46.7	687	30.9	12.4	1188	7509	28.3	26.8	55.3
4468	3665	1745	927	18.0	Aug 2006	15.9	10.7	Manhattan	59.5	2470	Male	82.0	48.8	803	32.9	12.3	1195	7509	26.7	23.2	55.3
4091	2852	2688	1632	30.4	2001	13.0	14.3	Queens	47.1	1724	Male	69.7	32.8	1242	19.9	18.8	1128	8684	27.6	31.0	42.1
4358	3218	2870	1692	26.2	2002	12.3	12.3	Queens	46.9	2076	Male	73.8	34.7	1140	22.4	18.2	1142	9286	26.2	30.9	47.6
4676	3567	2862	1667	23.7	2003	16.1	11.8	Queens	49.6	2049	Male	76.3	37.9	1109	21.7	17.7	1518	9423	32.5	30.4	43.8
5039	3885	2948	1516	22.9	2004	17.0	11.9	Queens	52.0	2240	Male	77.1	40.1	1154	23.1	15.6	1645	9698	32.6	30.4	44.5
5525	4353	2753	1486	21.2	2005	15.8	11.4	Queens	53.9	2735	Male	78.8	42.4	1172	26.7	14.5	1618	10259	29.3	26.8	49.5
5887	4874	2554	1378	17.2	2006	15.4	9.9	Queens	57.7	3302	Male	82.8	47.8	1013	32.4	13.5	1572	10202	26.7	25.0	56.1
6422	5164	2020	1377	19.6	Aug 2006	15.7	12.3	Queens	62.9	3567	Male	80.4	50.6	1258	35.0	13.5	1597	10202	24.9	19.8	55.5
1258	937	482	268	25.5	2001	20.5	15.5	Staten Island	60.9	514	Male	74.5	45.3	321	24.9	13.0	423	2067	33.6	23.3	40.9
1295	948	503	240	26.9	2002	18.9	16.5	Staten Island	61.3	548	Male	73.2	44.9	348	26.0	11.4	400	2111	30.9	23.8	42.3
1297	1005	530	212	22.5	2003	19.2	13.9	Staten Island	61.7	601	Male	77.5	47.8	292	28.6	10.1	404	2103	31.1	25.2	46.3
1310	1035	481	225	21.0	2004	22.0	13.1	Staten Island	62.6	574	Male	79.0	49.5	275	27.4	10.8	461	2092	35.2	23.0	43.8
1465	1164	447	204	20.5	2005	21.8	13.4	Staten Island	65.3	674	Male	79.5	51.9	301	30.0	9.1	490	2244	33.4	19.9	46.0
1681	1429	394	235	15.0	2006	23.7	10.4	Staten Island	69.7	856	Male	85.0	59.2	252	35.5	9.7	573	2413	34.1	16.3	50.9
1725	1458	350	235	15.5	Aug 2006	23.7	11.1	Staten Island	71.5	885	Male	84.5	60.4	267	36.7	9.7	573	2413	33.2	14.5	51.3
